lon_deg,lat_deg,ele_m,agl_m,pitch_deg,heading_deg,roll_deg,vx_east,vy_up,vz_south,p_deg_s,q_deg_s,r_deg_s,aileron_cmd,elevator_cmd,rudder_cmd
12.993227178641485,47.84308044279833,975.9273355907569,562.0407104492188,13.170127868652344,-19.481042861938477,8.937772750854492,-8.360267639160156,2.571829080581665,-30.7523136138916,4.531148776046928,-1.0237383147140127,2.867432941881828,-0.6456480547785759,,
12.993217088435523,47.843105560925316,976.1737815113231,562.3040161132812,13.037095069885254,-19.215534210205078,9.416458129882812,-8.289897918701172,2.502213716506958,-30.795045852661133,4.654091754220334,-0.977098154523169,3.1465855480245994,-0.6807375140488148,,
12.993204040728912,47.84313843420341,976.486228983508,562.638427734375,12.860873222351074,-18.833852767944336,10.065125465393066,-8.187997817993164,2.4086835384368896,-30.85657501220703,4.810396791394669,-0.9069844484239897,3.4711452517696157,-0.7227008789777756,,
12.993193082963586,47.84316643046062,976.7431313181626,562.9139404296875,12.709291458129883,-18.4822940826416,10.635498046875,-8.091914176940918,2.327180862426758,-30.91380500793457,4.935630444260968,-0.8446544365751277,3.7118091016091306,-0.7546314597129822,,
12.993179366982067,47.843202071116515,977.0572681245819,563.2517700195312,12.514762878417969,-18.003822326660156,11.383330345153809,-7.9571919441223145,2.2216274738311768,-30.9930419921875,5.082689966620043,-0.7658330396969756,3.972562672231769,-0.7902198657393456,,
12.993166539322425,47.84323608383994,977.3436401017184,563.560546875,12.32709789276123,-17.521446228027344,12.1159086227417,-7.814774990081787,2.119089126586914,-31.07476806640625,5.2085233954728345,-0.6956000720915857,4.178186370968649,-0.819144956767559,,
12.993152746356804,47.8432735184177,977.6431554332534,563.8846435546875,12.13358211517334,-16.964176177978516,12.938936233520508,-7.643460750579834,1.9999675750732422,-31.172109603881836,5.294816005446775,-0.25397746267703003,4.357103176277133,-0.8422888442873955,,
12.993140527978893,47.84330753531009,977.9006432214705,564.164306640625,12.023759841918945,-16.42618751525879,13.696381568908691,-7.472686767578125,1.8917176723480225,-31.266441345214844,5.340911244607899,0.3464946961819535,4.482619855107164,-0.8572648093104362,,
12.993128096684906,47.843343132295495,978.1559909006834,564.4428100585938,11.957978248596191,-15.837706565856934,14.496703147888184,-7.275868892669678,1.7888946533203125,-31.36986541748047,5.379482176624607,0.7517341952287471,4.582937831654903,-0.869385153055191,,
12.993116942721162,47.84337606239052,978.380772998841,564.6888427734375,11.91965103149414,-15.278022766113281,15.241020202636719,-7.0766143798828125,1.7041652202606201,-31.469127655029297,5.400552029553627,0.9575451371984207,4.653602115034209,-0.8773904666304588,,
12.993106179476689,47.84340889637154,978.5950708502387,564.924072265625,11.887456893920898,-14.711155891418457,15.984291076660156,-6.861753463745117,1.6285572052001953,-31.57103729248047,5.411004353417862,1.0446203374408571,4.709467512916214,-0.8831777796149254,,
12.993096728073718,47.84343872738466,978.7820902580272,565.1300659179688,11.854303359985352,-14.192020416259766,16.659067153930664,-6.652735710144043,1.5657398700714111,-31.665157318115234,5.415051667387917,1.0515094369924614,4.7555550681145204,-0.887552872300148,,
12.993086229255033,47.84347317940876,978.9895214839372,565.359130859375,11.804347038269043,-13.589905738830566,17.43662452697754,-6.396065711975098,1.497704029083252,-31.77539825439453,5.4169927217726705,1.009544754731903,4.810054001275699,-0.8924781903624535,,
12.993076345841581,47.843507098141295,979.18531322786,565.576171875,11.739166259765625,-12.995565414428711,18.199846267700195,-6.128218173980713,1.433205008506775,-31.8859920501709,5.419101542678912,0.9475722072365559,4.868893946541243,-0.8977969735860825,,
12.993066694596331,47.84354190135994,979.3776909523998,565.7900390625,11.654991149902344,-12.383949279785156,18.980655670166016,-5.8388752937316895,1.3674063682556152,-32.0019645690918,5.42422802653783,0.8895523649190892,4.93708655521465,-0.9041952714323997,,
12.993057505732612,47.84357691222383,979.5624546668226,565.9962158203125,11.55382251739502,-11.765375137329102,19.7643985748291,-5.5336527824401855,1.2991864681243896,-32.11959457397461,5.434799451825717,0.8489894189031173,5.022101492926976,-0.9125367552042007,,
12.993049540461769,47.843608949054875,979.7184490538733,566.171630859375,11.499914169311523,-11.174190521240234,19.759492874145508,-5.275520324707031,1.1598572731018066,-32.23313903808594,-4.139454075732799,1.5519292229489692,5.236287687562113,-0.09571678936481476,,
12.99304026267868,47.8436486215033,979.8923428743819,566.369384765625,11.468230247497559,-10.347963333129883,19.00825309753418,-4.944994926452637,1.0265604257583618,-32.37135696411133,-7.845608634482805,1.818398274524733,6.008372271340354,0.16032911837100983,,
12.993032995276504,47.843681775952916,980.025942594911,566.522705078125,11.424810409545898,-9.576623916625977,18.20957374572754,-4.667041301727295,0.9498132467269897,-32.48323440551758,-8.589667244549192,1.7042078636075804,6.709732380697229,0.1640552654862404,,
12.99302666075162,47.84371247745238,980.1433448609711,566.658203125,11.335357666015625,-8.811704635620117,17.454801559448242,-4.4092535972595215,0.9072756767272949,-32.58279800415039,-8.590630301222165,1.0103436734213829,7.297383500751732,0.11285707354545593,,
12.993019965597215,47.843747138558236,980.2715028716107,566.8065185546875,11.119545936584473,-7.919349670410156,16.628908157348633,-4.122439861297607,0.8753682971000671,-32.69082260131836,-8.364341011377764,0.0536659235568075,7.828465713439719,0.04676394164562225,,
12.99301359872233,47.84378259817294,980.398543791121,566.9541015625,10.80201244354248,-6.984484672546387,15.818476676940918,-3.8373284339904785,0.8439376354217529,-32.798728942871094,-8.096128020407825,-0.672106569224269,8.189982503566617,-0.008190348744392395,,
12.99300818589199,47.84381502211979,980.5108817940584,567.0849609375,10.454416275024414,-6.121706485748291,15.104307174682617,-3.583923578262329,0.8111993074417114,-32.896419525146484,-7.866726725622838,-1.2170365102067815,8.336352603706343,-0.04098258912563324,,
12.9930033869379,47.843845887634075,980.6141214439047,567.205810546875,10.056639671325684,-5.317058563232422,14.430523872375488,-3.348062038421631,0.7770699858665466,-32.989139556884766,-7.864014286748697,-2.1306149726658896,8.290229190014895,-0.03719426691532135,,
12.99299889152206,47.84387697791407,980.7133375489908,567.322509765625,9.59186840057373,-4.5399627685546875,13.7417631149292,-3.1192502975463867,0.7258338332176208,-33.084197998046875,-7.8388219877687515,-2.737391689613486,8.079780816403046,-0.02102762460708618,,
12.992994145964346,47.843912573961234,980.8184642005102,567.447509765625,9.031982421875,-3.6989240646362305,12.945196151733398,-2.868507146835327,0.644061267375946,-33.196022033691406,-7.797653876320146,-3.037328774844018,7.656469597307751,0.012320652604103088,,
12.992990237715905,47.843944448707525,980.9027431192856,567.5494995117188,8.5448637008667,-2.996558904647827,12.212080955505371,-2.654536485671997,0.5488279461860657,-33.297855377197266,-8.021495397120743,-2.9878216427490614,7.121871971631323,0.0785069540143013,,
12.992985771231055,47.84398446518488,980.9920705634481,567.6607666015625,7.994259357452393,-2.1961212158203125,11.237606048583984,-2.399045467376709,0.408503919839859,-33.42803192138672,-8.25583491867565,-2.6800413659172393,6.312695191791681,0.1695709303021431,,
12.992982810343337,47.844013602118714,981.0445560582278,567.7291870117188,7.646268367767334,-1.677005410194397,10.503951072692871,-2.221834659576416,0.2988680601119995,-33.524959564208984,-8.346808769551988,-2.4253105280386715,5.650250939004599,0.23531906306743622,,
12.992980084001244,47.84404269540102,981.0860509849215,567.7864379882812,7.340141773223877,-1.2192561626434326,9.736513137817383,-2.0528147220611572,0.18550950288772583,-33.623069763183594,-8.709255319179652,-2.2248536539654946,4.92850314186206,0.3299328684806824,,
12.992976794140324,47.844081344670215,981.1243784142285,567.8455810546875,6.989901542663574,-0.7099456787109375,8.667377471923828,-1.841613531112671,0.03427745774388313,-33.75537109375,-8.98859041943931,-1.952148746399215,3.943862217339375,0.44023558497428894,,
12.992973929398916,47.84411899935165,981.1433911480065,567.8847045898438,6.71061372756958,-0.3245987594127655,7.585299491882324,-1.6522712707519531,-0.11032118648290634,-33.885650634765625,-9.20210640176214,-1.675957560870173,2.9863106768386074,0.542430505156517,,
12.992972854695632,47.844134329710876,981.1459808124921,567.8955078125,6.6134843826293945,-0.19971835613250732,7.1342267990112305,-1.5800987482070923,-0.16749942302703857,-33.93903350830078,-9.286868195588353,-1.5688648904394273,2.6039539123369435,0.5831942893564701,,
12.992970351767664,47.84417295232206,981.1402665999681,567.9102172851562,6.408036708831787,0.037596989423036575,5.94050407409668,-1.4130606651306152,-0.30843085050582886,-34.07414627075195,-9.87616411057236,-1.287590016455486,1.6555860947837868,0.7173807639628649,,
12.992967885283841,47.844215911589025,981.1141262599128,567.90673828125,6.235131740570068,0.17437095940113068,4.536263942718506,-1.2529475688934326,-0.4521883726119995,-34.22582244873047,-10.414453880382002,-1.0347356663296736,0.6849540483313572,0.8490590332075953,,
12.992965787703886,47.84425693513844,981.0718140958538,567.885986328125,6.110998153686523,0.19148802757263184,3.1148529052734375,-1.1287598609924316,-0.5752257704734802,-34.371517181396484,-10.873985592645875,-0.8515491390162854,-0.1415755074455764,0.9612890507560223,,
12.992964103690475,47.844293055787695,981.0223388156498,567.8552856445312,6.022927761077881,0.12618528306484222,1.8113577365875244,-1.0451661348342896,-0.6718732714653015,-34.499778747558594,-11.324869431646865,-0.728802902307487,-0.7843393838922723,1.0,,
12.992962607916404,47.84432740190428,980.965704419637,567.8165283203125,5.95991849899292,0.002436456736177206,0.5282637476921082,-0.9893344640731812,-0.7547258138656616,-34.62209701538086,-11.605789989567613,-0.5123718699520898,-1.3127493384283453,1.0,,
12.992960971758523,47.844366823832125,980.8906072596534,567.761962890625,5.9120965003967285,-0.20357026159763336,-0.9868790507316589,-0.9547799229621887,-0.8375973105430603,-34.76210021972656,-11.996050777042862,-0.27348693754581943,-1.8299129062483166,1.0,,
12.992959413829679,47.844405122066654,980.8090777433313,567.7003173828125,5.883682727813721,-0.4580002725124359,-2.499378204345703,-0.9531086087226868,-0.903606116771698,-34.897666931152344,-12.260974178153793,-0.11633733147235781,-2.237944138396647,1.0,,
12.99295765077881,47.84444776798498,980.7106065070111,567.6240234375,5.857089042663574,-0.7912691831588745,-4.219105243682861,-0.9898205995559692,-0.962444007396698,-35.04734802246094,-12.579400158580727,-0.018814696553832323,-2.6082665364675717,1.0,,
12.992955937555486,47.84448711465158,980.6140469676295,567.5479736328125,5.8282623291015625,-1.1364277601242065,-5.836030960083008,-1.0601667165756226,-1.0054925680160522,-35.183868408203125,-12.780036111676205,0.020949172357627627,-2.880741992366421,1.0,,
12.99295422205526,47.84452357114706,980.5206515444602,567.4735717773438,5.793232440948486,-1.482349157333374,-7.353324890136719,-1.1560767889022827,-1.0389727354049683,-35.308929443359375,-12.979339324109885,0.04457695947877046,-3.0969556859679943,1.0,,
12.992952244070501,47.84456175423581,980.4194481724523,567.3923950195312,5.7463226318359375,-1.8670848608016968,-8.96025276184082,-1.288512945175171,-1.0700435638427734,-35.437774658203125,-13.126885924334147,0.06843548059533944,-3.293157779075077,1.0,,
12.992950052972004,47.844599586017644,980.3160848854493,567.3089599609375,5.689478874206543,-2.267944812774658,-10.565366744995117,-1.4517452716827393,-1.0995417833328247,-35.56315231323242,-13.278223279547765,0.10903609270334558,-3.4762224302004623,1.0,,
12.992947386640482,47.84464031082912,980.20144636962,567.2158203125,5.618122100830078,-2.72051739692688,-12.30540657043457,-1.6631039381027222,-1.1321613788604736,-35.69527816772461,-13.387863183652103,0.17836952306102352,-3.6717193062757407,1.0,,
12.992944176311864,47.84468304039714,980.0770467498334,567.1142578125,5.534219264984131,-3.220590591430664,-14.138751029968262,-1.9229743480682373,-1.1698858737945557,-35.83038330078125,-13.486568808668896,0.2851545014737879,-3.8913636758313648,1.0,,
12.992940831655195,47.84472198333951,979.9594933616997,567.017578125,5.451443672180176,-3.7019848823547363,-15.818174362182617,-2.193340539932251,-1.2095232009887695,-35.94978713989258,-13.578025895429011,0.4163128631973974,-4.1155778688285505,1.0,,
12.992936950683365,47.84476163716649,979.8348394718291,566.9144897460938,5.362509250640869,-4.222212314605713,-17.535058975219727,-2.4998903274536133,-1.2562826871871948,-36.067108154296875,-13.6721885908741,0.5773031166576689,-4.3715806159966215,1.0,,
12.99293233707501,47.844803195906394,979.6981692972215,566.800537109375,5.259095668792725,-4.802071571350098,-19.34298324584961,-2.8563053607940674,-1.3127965927124023,-36.18470001220703,-13.746859633975264,0.7004350989720143,-4.67785825121104,1.0,,
12.992927532286915,47.844841421804226,979.5659049513005,566.689453125,5.144107341766357,-5.369365215301514,-21.01323890686035,-3.214130401611328,-1.3728549480438232,-36.28760528564453,-13.867047057705394,0.7364107191866763,-4.998135212903047,1.0,,
12.992922326852312,47.84487850640626,979.4305966126883,566.574951171875,5.008197784423828,-5.952431678771973,-22.645442962646484,-3.588071346282959,-1.4424023628234863,-36.382511138916016,-13.973750834240272,0.820257534468371,-5.345693657687377,1.0,,
12.992916275394103,47.844917229812545,979.2804046326747,566.4466552734375,4.845945358276367,-6.602354526519775,-24.358125686645508,-4.0058207511901855,-1.5287079811096191,-36.47592544555664,-14.057447118555961,0.9883913387072562,-5.74266724045628,1.0,,
12.992909695285874,47.844955194881784,979.1227738765724,566.310791015625,4.669765472412109,-7.285947799682617,-26.04450035095215,-4.442440986633301,-1.6275408267974854,-36.56128692626953,-14.136813062937863,1.2151645047656692,-6.161810336610575,1.0,,
12.992901436277577,47.844998051342394,978.9302322802355,566.14306640625,4.451982021331787,-8.119650840759277,-27.95738410949707,-4.967200756072998,-1.7559614181518555,-36.64944839477539,-14.231355687655535,1.5207179264846555,-6.662095226330975,1.0,,
12.992893165629559,47.8450368610659,978.7409459884518,565.9766845703125,4.23334264755249,-8.93229866027832,-29.698896408081055,-5.472800254821777,-1.8876513242721558,-36.72072982788086,-14.329340727714891,1.7907737878700278,-7.132947123370498,1.0,,
12.992884155382981,47.8450754132921,978.5370152026688,565.7957763671875,3.9927406311035156,-9.795450210571289,-31.438255310058594,-6.0034871101379395,-2.033656120300293,-36.782588958740234,-14.431773074697572,2.083423061256156,-7.6092576222173305,1.0,,
12.992874092567522,47.84511476824351,978.3105485372015,565.5931396484375,3.7208542823791504,-10.735082626342773,-33.22385025024414,-6.574722766876221,-2.19879412651062,-36.83550262451172,-14.542794384561544,2.3977959647409213,-8.096963011033859,1.0,,
12.992863638917129,47.8451523143947,978.0755754049178,565.3812866210938,3.433889150619507,-11.68576431274414,-34.936927795410156,-7.1480231285095215,-2.3720884323120117,-36.87516784667969,-14.654689958639278,2.704901546948793,-8.556458011030944,1.0,,
12.992851851562262,47.84519128232826,977.8099641958379,565.1400146484375,3.1050167083740234,-12.727755546569824,-36.724830627441406,-7.772226333618164,-2.5688257217407227,-36.90407943725586,-14.776007778677045,3.026721064176165,-9.021083336868353,1.0,,
12.992840908374879,47.845224858006084,977.5621364629276,564.91357421875,2.793614149093628,-13.667709350585938,-38.273128509521484,-8.334604263305664,-2.7530853748321533,-36.91775894165039,-14.883935012847001,3.304385969740343,-9.406762774957818,1.0,,
12.99282746644564,47.84526315334553,977.2553966704962,564.6314697265625,2.4054746627807617,-14.787089347839355,-40.04783248901367,-9.002992630004883,-2.980417490005493,-36.91986083984375,-15.009979323790416,3.620964170553376,-9.826361786239211,1.0,,
12.992812744601318,47.84530200937724,976.9159197256927,564.3175048828125,1.9734586477279663,-15.970468521118164,-41.857418060302734,-9.71086311340332,-3.2312211990356445,-36.905757904052734,-15.139892936898644,3.9428769625516007,-10.226329126298694,1.0,,
12.992796573365396,47.84534158089114,976.5381739463,563.9661865234375,1.4924407005310059,-17.22180938720703,-43.70884704589844,-10.462294578552246,-3.5089004039764404,-36.873043060302734,-15.272886965322547,4.273042757501316,-10.604094936461053,1.0,,
12.992781111026062,47.8453768820088,976.1719097008051,563.6240234375,1.0269931554794312,-18.37395477294922,-45.36705017089844,-11.158720016479492,-3.777073621749878,-36.82661056518555,-15.391260973828038,4.570589276522344,-10.913861090794056,1.0,,
12.99276143997095,47.845418680242204,975.6980943550009,563.17919921875,0.4321497976779938,-19.781177520751953,-47.33786392211914,-12.01381778717041,-4.120537757873535,-36.749481201171875,-15.530837597064542,4.928409226760972,-11.24719908172642,1.0,,
12.992741902892455,47.84545732558155,975.2185736148656,562.7269287109375,-0.1595151275396347,-21.11827278137207,-49.167396545410156,-12.834258079528809,-4.465636730194092,-36.654319763183594,-15.673653437514924,5.267383831305889,-11.481670938196494,1.0,,
12.99271895419915,47.84549959285631,974.6434041681721,562.182373046875,-0.8482913374900818,-22.616172790527344,-51.17558670043945,-13.762998580932617,-4.874574184417725,-36.52238464355469,-15.807767616962709,5.646187403335265,-11.692121873129281,1.0,,
12.992696580367149,47.84553806307321,974.07018930551,561.6375732421875,-1.5140845775604248,-24.010129928588867,-53.00766372680664,-14.636229515075684,-5.277170658111572,-36.37474060058594,-15.918785511732096,6.000265263682373,-11.860698625808013,1.0,,
12.992667624157747,47.84558437796857,973.3094382734387,560.9118041992188,-2.3641104698181152,-25.730127334594727,-55.22629928588867,-15.720589637756348,-5.802382946014404,-36.1601676940918,-16.132242583673335,6.450095119117065,-12.0441583606882,1.0,,
12.992642206083747,47.845622340309276,972.6244769352912,560.2562255859375,-3.1030640602111816,-27.17306137084961,-57.057167053222656,-16.636274337768555,-6.268403053283691,-35.95094680786133,-16.336180079458867,6.836427694045911,-12.179286823227732,1.0,,
12.992611618525885,47.84566508783473,971.7783982269555,559.444091796875,-3.980781316757202,-28.83798599243164,-59.132808685302734,-17.69567108154297,-6.832669258117676,-35.67708969116211,-16.499314025142745,7.281882386430388,-12.312515639404356,1.0,,
12.992583624159298,47.845701707254655,970.9892384990422,558.6846923828125,-4.777151107788086,-30.213035583496094,-60.150657653808594,-18.703487396240234,-7.301857948303223,-35.38441467285156,-6.723414530265234,6.545727585894175,-11.955377854309083,1.0,,
12.99255057117906,47.84574219450259,970.0421656392239,557.7713623046875,-5.7080464363098145,-31.673870086669922,-60.59700393676758,-19.81597900390625,-7.854272842407227,-35.0316276550293,-2.7700899396044525,6.118675557567829,-11.989412686943256,1.0,,
12.992514219358277,47.845783805734186,968.9820063670494,556.746826171875,-6.718748569488525,-33.167449951171875,-60.557342529296875,-20.962074279785156,-8.442289352416992,-34.63703918457031,-0.17833048959713396,5.995394058143684,-12.228014246540251,1.0,,
12.99248536946581,47.84581502795611,968.1269956246966,555.9193115234375,-7.4968767166137695,-34.32073211669922,-60.399986267089844,-21.813039779663086,-8.899292945861816,-34.32612609863281,0.2881272879491831,6.175153538041018,-12.400888041980565,1.0,,
12.992447168172687,47.84585415001303,966.975908201884,554.8033447265625,-8.474214553833008,-35.83198165893555,-60.138370513916016,-22.877220153808594,-9.48514175415039,-33.915611267089844,0.42076793412481756,6.571360432075587,-12.523036583776134,1.0,,
12.992407233168706,47.845892728936654,965.751588195478,553.6146240234375,-9.415486335754395,-37.40378952026367,-59.866455078125,-23.929624557495117,-10.074541091918945,-33.48432922363281,0.0026559860099545697,7.119777664877067,-12.46633918347586,1.0,,
12.992368506157662,47.84592814720298,964.5460754890942,552.442626953125,-10.232020378112793,-38.927642822265625,-59.616477966308594,-24.90856170654297,-10.61971378326416,-33.05771255493164,-0.15307810629683322,7.720814248157502,-12.270905273206992,1.0,,
12.992320418450413,47.84596969118599,963.0285361266195,550.965576171875,-11.116389274597168,-40.796932220458984,-59.361080169677734,-26.081485748291016,-11.259270668029785,-32.5120735168457,-0.8708370062630195,8.263611942819354,-11.83247372283658,1.0,,
12.99227480610192,47.84600677684672,961.5722674128258,549.54638671875,-11.830533027648926,-42.51390075683594,-59.165287017822266,-27.158729553222656,-11.82604694366455,-31.975522994995117,-1.4558697626270272,8.57679660683195,-11.302477510226625,1.0,,
12.992225147277548,47.84604489988171,959.9735884256597,547.987060546875,-12.488412857055664,-44.30263137817383,-59.00679397583008,-28.297626495361328,-12.402463912963867,-31.368207931518555,-1.8945461325905009,8.76821180454791,-10.66147279435739,1.0,,
12.992176397547235,47.84608015589403,958.3942227697047,546.4451904296875,-13.025428771972656,-45.96928787231445,-58.90580749511719,-29.379169464111328,-12.931143760681152,-30.753320693969727,-2.2158646981309347,8.878123208671756,-10.038735419423356,1.0,,
12.992134640950676,47.84610883401178,957.0363858627866,545.08935546875,-13.415529251098633,-47.328067779541016,-58.82352066040039,-30.280689239501953,-13.356070518493652,-30.2105770111084,-2.1563814344229395,8.910234489280924,-9.534120189769167,1.0,,
12.992085539697223,47.84614083911408,955.436007848894,543.416748046875,-13.8027982711792,-48.847259521484375,-58.71004104614258,-31.309036254882812,-13.826011657714844,-29.558666229248047,-2.003759363315124,8.923481641176163,-9.00708059529618,0.9608770534396172,,
12.992042298482804,47.846167637225705,954.0249798972293,541.9440307617188,-14.093782424926758,-50.12200164794922,-58.59463119506836,-32.188053131103516,-14.214459419250488,-28.97232437133789,-1.7541146684906885,8.832459978975635,-8.613146873594758,0.9047142416238785,,
12.991979798256057,47.846204150428385,951.9852799363854,539.8184814453125,-14.456215858459473,-51.85359191894531,-58.38089370727539,-33.410560607910156,-14.739264488220215,-28.114126205444336,-1.3931715075323663,8.682427189893488,-8.174351615651043,0.8349238988012075,,
12.991934241272947,47.84622931779335,950.499384400475,538.27197265625,-14.685627937316895,-53.05900192260742,-58.18955612182617,-34.267391204833984,-15.096851348876953,-27.48087501525879,-0.8598330379016002,8.663110561147047,-7.956728982089743,0.7693901797756553,,
12.991883542921949,47.846255944289894,948.8477251175681,536.554931640625,-14.913036346435547,-54.35880661010742,-57.92668914794922,-35.187156677246094,-15.472121238708496,-26.772550582885742,-0.5353125543834586,8.695623115369953,-7.818117976847151,0.7289743330329657,,
12.99182987711478,47.84628265100237,947.1027432296783,534.7427368164062,-15.132946014404297,-55.70235061645508,-57.567378997802734,-36.12724304199219,-15.840458869934082,-26.015113830566406,0.3509294366244223,8.754625704515108,-7.829255454062502,0.6526070577092469,,
12.99177548765195,47.84630827091506,945.3387791991219,532.912841796875,-15.340078353881836,-57.046730041503906,-57.15605926513672,-37.043514251708984,-16.18866729736328,-25.24497413635254,0.5836937724824207,8.894601893818058,-7.905027865167331,0.6389069277793169,,
12.99172529677352,47.84633070704858,943.7162611751105,531.2311401367188,-15.523903846740723,-58.278648376464844,-56.696693420410156,-37.86424255371094,-16.481494903564453,-24.524160385131836,1.619157707732347,8.980663131133864,-8.092591689965051,0.564913684502244,,
12.991673389599752,47.846352744119514,942.0447741155185,529.5001220703125,-15.711234092712402,-59.55045700073242,-56.17042922973633,-38.68486022949219,-16.761764526367188,-23.775911331176758,1.8852536602246985,9.10586220616749,-8.31337840865936,0.5609597079455853,,
12.991621064452344,47.846373819188344,940.3677122417416,527.7647094726562,-15.899493217468262,-60.83197021484375,-55.57951736450195,-39.48855972290039,-17.016681671142578,-23.012840270996094,2.627915710049229,9.190446415075282,-8.581914979841228,0.5195844545960426,,
12.991567163413553,47.846394387384294,938.6495509769213,525.988037109375,-16.091833114624023,-62.15283203125,-54.937744140625,-40.28981018066406,-17.255468368530273,-22.222787857055664,2.7809510076018307,9.295551927344377,-8.824576233126148,0.5274057947099209,,
12.991508738456451,47.846415424106816,936.7996233013138,524.0764770507812,-16.299346923828125,-63.58274841308594,-54.16167068481445,-41.133724212646484,-17.4808349609375,-21.35400390625,3.797532244561022,9.336112151956852,-9.116631706941309,0.46417899429798126,,
12.991451481642303,47.84643483903367,935.0004498348765,522.2186279296875,-16.498592376708984,-64.9812240600586,-53.3464469909668,-41.933570861816406,-17.67291259765625,-20.495702743530273,4.53810446994294,9.371287626182417,-9.355483422216654,0.4203956201672554,,
12.991382681576392,47.84645666856054,932.8587025127549,520.0084228515625,-16.73025131225586,-66.6558837890625,-52.254669189453125,-42.86076736450195,-17.86457061767578,-19.45424461364746,5.250688287653438,9.420723681621324,-9.614952063501683,0.3808538615703583,,
12.991305466971658,47.84647928707179,930.4838762640123,517.5595703125,-16.96583366394043,-68.52584838867188,-50.93254852294922,-43.858436584472656,-18.029783248901367,-18.275741577148438,6.330952287443124,9.462336609139626,-9.817662686557552,0.3042728826403618,,
12.991246238948165,47.846495357869514,928.6845734100926,515.705322265625,-17.1190242767334,-69.95278930664062,-49.864830017089844,-44.59149169921875,-18.12513542175293,-17.370935440063477,6.535626589885373,9.621169243193687,-9.868252190192544,0.2908264473080635,,
12.991185310499214,47.84651078259343,926.8550943381524,513.8203735351562,-17.2356014251709,-71.41622924804688,-48.73796081542969,-45.319644927978516,-18.19120979309082,-16.43673324584961,6.958158313641641,9.790574156309283,-9.84424151393901,0.25185827165842056,,
12.991124175344941,47.84652517519046,925.0427045949675,511.9480285644531,-17.307697296142578,-72.86965942382812,-47.604373931884766,-46.02436828613281,-18.226388931274414,-15.49812126159668,7.01309181758876,9.910108443200029,-9.712559735609396,0.23557301610708237,,
12.991041751157729,47.846542919949805,922.6396816425017,509.4668884277344,-17.342864990234375,-74.78997802734375,-45.96297073364258,-46.9382209777832,-18.21172523498535,-14.22075080871582,8.44600616818902,9.913942740645345,-9.585356000054372,0.09942702949047089,,
12.990977570546212,47.84655546660548,920.8030756709562,507.57147216796875,-17.321094512939453,-76.24909973144531,-44.639190673828125,-47.617584228515625,-18.15923309326172,-13.228281021118164,9.278515728007072,9.913672094399484,-9.427807441564273,0.013028159737586975,,
12.990896942854132,47.84656968971685,918.5428290411529,505.23974609375,-17.236501693725586,-78.03496551513672,-42.867122650146484,-48.431983947753906,-18.041061401367188,-11.986956596374512,10.07929820535677,9.90364196160332,-9.23935825349539,-0.07329858839511871,,
12.9908214611358,47.84658156061426,916.4755174855187,503.1078186035156,-17.091773986816406,-79.6542739868164,-41.17275619506836,-49.15462875366211,-17.87908363342285,-10.835861206054688,11.019849405013375,9.898611527279606,-8.980366017904968,-0.1779785007238388,,
12.99075493729795,47.8465909241155,914.6945439269266,501.2716064453125,-16.910425186157227,-81.0366439819336,-39.63141632080078,-49.75952911376953,-17.696870803833008,-9.834576606750488,11.412495636056251,9.917693368273328,-8.695718738018334,-0.23708350956439972,,
12.990668571105344,47.846601562984524,912.4443740609233,498.9523010253906,-16.590023040771484,-82.75688934326172,-37.6265983581543,-50.50227737426758,-17.40912437438965,-8.558608055114746,11.896815812365393,10.002348440393758,-8.203334669620345,-0.3223170340061188,,
12.990589424889068,47.84660992426115,910.4445760960289,496.8912353515625,-16.195602416992188,-84.26025390625,-35.80173110961914,-51.141788482666016,-17.093990325927734,-7.416721820831299,12.074288886438065,10.219577484304137,-7.649776011921139,-0.3861115872859955,,
12.990520283637666,47.8466162035513,908.7483321262491,495.1430969238281,-15.773518562316895,-85.50747680664062,-34.23656463623047,-51.670799255371094,-16.774208068847656,-6.439883708953857,12.17421711531629,10.331155454585465,-7.102181816914645,-0.44261857867240906,,
12.990450107265238,47.84662162658011,907.0783304500785,493.421875,-15.277852058410645,-86.69877624511719,-32.67969512939453,-52.18046951293945,-16.407695770263672,-5.469369888305664,12.28342842505021,10.381355637437768,-6.49604308232421,-0.5050446465611458,,
12.99036712006466,47.84662684215565,905.1749212722345,491.4599609375,-14.614259719848633,-88.0012435913086,-30.878437042236328,-52.74871826171875,-15.921595573425293,-4.352001190185547,12.445274880075539,10.382818151693796,-5.7686270819442065,-0.5826474353671074,,
12.990267217218197,47.84663153532099,902.9884005706348,489.2053527832031,-13.722167015075684,-89.41846466064453,-28.7598819732666,-53.382816314697266,-15.261362075805664,-3.056736707687378,12.67321109928356,10.342548210121047,-4.932448002994565,-0.675509013235569,,
12.990193906512879,47.846633932920724,901.4606961076959,487.62939453125,-13.012113571166992,-90.35562133789062,-27.234947204589844,-53.813819885253906,-14.72809886932373,-2.1444544792175293,12.856204673752895,10.304324763978363,-4.350664015437103,-0.7422484457492828,,
12.990098416236322,47.84663578016757,899.5747956622266,485.6825866699219,-12.028420448303223,-91.451171875,-25.27890968322754,-54.3332405090332,-13.976804733276367,-1.008593201637268,13.107875800326708,10.253019798027813,-3.6629258646061724,-0.8242273703217506,,
12.990035016677947,47.84663627389183,898.3883437198116,484.45697021484375,-11.343873023986816,-92.10680389404297,-23.995750427246094,-54.6517333984375,-13.443404197692871,-0.2895721197128296,13.272184538547828,10.223586805346935,-3.2436395479227187,-0.87515564635396,,
12.9899163232328,47.84663574602654,896.3120968047483,482.30950927734375,-10.006351470947266,-93.19245147705078,-21.619409561157227,-55.19242477416992,-12.374390602111816,0.9756881594657898,13.581458065486943,10.174385537660747,-2.577805386873196,-0.9602498449385166,,
12.98982089876971,47.84663404804984,894.7857766540042,480.72796630859375,-8.892724990844727,-93.94889068603516,-19.727279663085938,-55.57618713378906,-11.452346801757812,1.9132728576660156,13.793046226916537,10.064464742026795,-2.186220823359433,-1.0,,
12.989732126956394,47.84663154972146,893.4827365435151,479.3750305175781,-7.849793434143066,-94.56952667236328,-17.980701446533203,-55.892364501953125,-10.550078392028809,2.7180848121643066,13.963840229754583,9.890198441769442,-1.91151744513069,-1.0,,
12.989643636383157,47.84662825481149,892.2990297909995,478.1428527832031,-6.802573204040527,-95.1200942993164,-16.248868942260742,-56.1688232421875,-9.616825103759766,3.453075408935547,14.122483326059177,9.80315024211857,-1.7029127957079224,-1.0,,
12.98954667938719,47.84662380830241,891.1368948432453,476.92889404296875,-5.64364767074585,-95.65967559814453,-14.358981132507324,-56.42875289916992,-8.559782981872559,4.180257320404053,14.264184138127554,9.765717390372314,-1.5620925444339482,-1.0,,
12.989449154728474,47.84661855633086,890.1115903908308,475.85260009765625,-4.46516227722168,-96.14698791503906,-12.46668529510498,-56.64561080932617,-7.463114261627197,4.828784942626953,14.360940597909956,9.753077271539558,-1.4858434074693936,-1.0,,
12.989344055965882,47.84661212704254,889.1716862549231,474.859130859375,-3.1826491355895996,-96.61811065673828,-10.439026832580566,-56.8304443359375,-6.248066425323486,5.435564041137695,14.417634583115646,9.739923180971761,-1.4404360964237373,-1.0,,
12.989259779369814,47.846606486761765,888.5402232086885,474.18536376953125,-2.1460440158843994,-96.95679473876953,-8.82318115234375,-56.94149398803711,-5.25171422958374,5.851683139801025,14.433181801213887,9.72349657601788,-1.4055771587775194,-1.0,,
12.989160830665885,47.84659938268171,887.9439419687931,473.54022216796875,-0.9217029213905334,-97.30975341796875,-6.9378485679626465,-57.03132247924805,-4.062530994415283,6.2630486488342285,14.427871329134202,9.696904088258082,-1.3402775621044356,-1.0,,
12.989071057263132,47.84659257076751,887.5371426705123,473.08966064453125,0.19534389674663544,-97.58417510986328,-5.237644672393799,-57.074462890625,-2.969633102416992,6.562996864318848,14.410500450527568,9.670499430700458,-1.2404525331157008,-1.0,,
12.988968187517024,47.846584422008426,887.2315857097338,472.734375,1.4818028211593628,-97.83880615234375,-3.2988827228546143,-57.080162048339844,-1.706936240196228,6.822608470916748,14.385310712868561,9.64259725416731,-1.065453908513277,-1.0,,
12.988877721752003,47.846577037248245,887.102371881373,472.5618896484375,2.618415117263794,-98.0034408569336,-1.5985926389694214,-57.04632568359375,-0.591960072517395,6.975037097930908,14.36790909841066,9.622814465010014,-0.8714573795387272,-1.0,,
12.988782780167362,47.84656914455067,887.1095931530107,472.52386474609375,3.81534481048584,-98.11360931396484,0.18510626256465912,-56.97281265258789,0.5780085325241089,7.059739112854004,14.344773540144535,9.607064048783965,-0.6334640269429814,-1.0,,
12.988686168699052,47.84656104648307,887.266773908425,472.6350402832031,5.036350727081299,-98.15222930908203,2.0037312507629395,-56.85842514038086,1.7636616230010986,7.0670552253723145,14.32234149136292,9.603355256064647,-0.32849688091470547,-1.0,,
12.988596496181488,47.84655354390499,887.5469037744624,472.8724060058594,6.180166244506836,-98.11426544189453,3.70177960395813,-56.716888427734375,2.854851722717285,7.002172470092773,14.334687058287718,9.741379718812265,0.001881920971471822,-1.0,,
12.988510391204358,47.84654641684628,887.9373882187936,473.22174072265625,7.289615631103516,-98.00572204589844,5.346333980560303,-56.54888916015625,3.896273136138916,6.87394380569458,14.33401940729635,9.813387841910771,0.3350699241346378,-1.0,,
12.988396818322895,47.846537246914615,888.6397230832149,473.8694152832031,8.751709938049316,-97.75426483154297,7.541408538818359,-56.28055191040039,5.2567219734191895,6.60745096206665,14.321078760140114,9.817780507320736,0.7667098652316761,-1.0,,
12.988309969952653,47.84653048748138,889.3146088642536,474.5021057128906,9.858552932739258,-97.47647094726562,9.244224548339844,-56.038238525390625,6.2799906730651855,6.32621431350708,14.314048787936878,9.784223787928463,1.1184350455748313,-1.0,,
12.988216467934668,47.84652354498116,890.1772106894356,475.318603515625,11.033207893371582,-97.09123992919922,11.107234001159668,-55.742801666259766,7.359002590179443,5.950310230255127,14.314128188885979,9.743176058563979,1.5098415972833508,-1.0,,
12.988122287982154,47.84651698557822,891.18647518846,476.28082275390625,12.194870948791504,-96.61039733886719,13.021024703979492,-55.40949630737305,8.415825843811035,5.494952201843262,14.321859963026434,9.710047933542125,1.908628061668363,-1.0,,
12.988031336173513,47.846511146959116,892.292914199317,477.3409729003906,13.293412208557129,-96.05584716796875,14.910196304321289,-55.05421829223633,9.402542114257812,4.982450008392334,14.332356256233451,9.690254045327428,2.2903024475832607,-1.0,,
12.987930740418685,47.8465053648434,893.6667343153879,478.5593566894531,14.478777885437012,-95.33769226074219,17.052335739135742,-54.62410354614258,10.45034122467041,4.333829402923584,14.343238455128574,9.681745337168884,2.7006700313145586,-1.0,,
12.987835909775566,47.846500654714866,895.1015223020411,479.42144775390625,15.564111709594727,-94.55948638916016,19.12687110900879,-54.183082580566406,11.390588760375977,3.6435701847076416,14.349240483861722,9.68179400226672,3.0703341699042235,-1.0,,
12.987749567867311,47.84649707325555,896.5224049136567,480.3215026855469,16.52157974243164,-93.76561737060547,21.065393447875977,-53.7518196105957,12.20229434967041,2.9491586685180664,14.34760806865009,9.684240063763232,3.3907929853828818,-1.0,,
12.98766962617036,47.84649442746921,897.9331188727488,481.638427734375,17.379056930541992,-92.95809173583984,22.904577255249023,-53.32761764526367,12.912992477416992,2.251210927963257,14.339341832207081,9.688457705575715,3.6740330328570825,-1.0,,
12.987578199205217,47.846492290467914,899.6575789984166,483.3149108886719,18.32236099243164,-91.94895935058594,25.062610626220703,-52.81379699707031,13.675127983093262,1.3903359174728394,14.320555396894962,9.69756917792851,3.984030986735043,-1.0,,
12.987493478476843,47.84649121805863,901.355754133077,484.9661865234375,19.156944274902344,-90.93234252929688,27.116058349609375,-52.31020736694336,14.328125,0.5333591103553772,14.294639951636642,9.708250740016766,4.260315553756644,-1.0,,
12.9874085610761,47.84649110757072,903.1516678935745,486.71240234375,19.951642990112305,-89.8342056274414,29.22788429260254,-51.77933883666992,14.928204536437988,-0.3808248043060303,14.260051873679696,9.723243005244942,4.530658283087157,-1.0,,
12.987325687043274,47.84649200527144,904.9907215139306,488.500244140625,20.682872772216797,-88.68539428710938,31.342206954956055,-51.23618698120117,15.45775032043457,-1.3247309923171997,14.218928158460695,9.742441813228202,4.792214400937271,-1.0,,
12.987235940863096,47.84649419771386,907.0744227333449,490.491943359375,21.42088508605957,-87.35385131835938,33.69318389892578,-50.62040328979492,15.96557331085205,-2.4021761417388916,14.167350838716992,9.771552933244443,5.077307777554073,-1.0,,
12.987164190083437,47.84649690657006,908.8037940181191,492.0447998046875,21.966171264648438,-86.22329711914062,35.619781494140625,-50.10734558105469,16.31839942932129,-3.3038363456726074,14.122280981705016,9.798777213502468,5.310007626821353,-1.0,,
12.98708342725759,47.8465010688118,910.8150814305238,493.798828125,22.528432846069336,-84.87862396240234,37.83992385864258,-49.50813674926758,16.657779693603516,-4.359259128570557,14.067129765478102,9.838969461673408,5.579959754708706,-1.0,,
12.987004237831169,47.84650635533069,912.8483001512068,495.51422119140625,23.02167320251465,-83.48484802246094,40.071102142333984,-48.898216247558594,16.927732467651367,-5.4342217445373535,14.011573860542864,9.886723583029198,5.855165151841445,-1.0,,
12.986927760478983,47.84651266324852,914.8642166070239,497.2218017578125,23.438079833984375,-82.06688690185547,42.27811050415039,-48.28813934326172,17.126670837402344,-6.508340835571289,13.957112493422121,9.941188365244527,6.132588226020322,-1.0,,
12.986854895056174,47.84651983595021,916.8279480625262,498.8905029296875,23.774887084960938,-80.64926147460938,44.429443359375,-47.68760681152344,17.257333755493164,-7.563026428222656,13.905174881199697,10.001734577142104,6.408444625558327,-1.0,,
12.98678176371594,47.84652824488932,918.8362310508876,500.60272216796875,24.04888343811035,-79.16032409667969,46.63690185546875,-47.06590270996094,17.328689575195312,-8.650742530822754,13.853858816191746,10.07195916709359,6.696916384493346,-1.0,,
12.986718410417714,47.84653654936286,920.6018703867064,502.12677001953125,24.229799270629883,-77.81722259521484,48.5883674621582,-46.51182174682617,17.339792251586914,-9.615476608276367,13.811272586716717,10.139707813470947,6.956182681424214,-1.0,,
12.98664417502048,47.84654757608461,922.6968040700842,503.9368591308594,24.37028694152832,-76.17947387695312,50.92162322998047,-45.844085693359375,17.292123794555664,-10.771129608154297,13.763099262500615,10.23141164081483,7.269949192176729,-1.0,,
12.986576603421396,47.846558863263695,924.6223313749035,505.6015930175781,24.425352096557617,-74.63043212890625,53.088356018066406,-45.21866989135742,17.18862533569336,-11.845337867736816,13.722317910513762,10.323928260669947,7.56417068973243,-1.0,,
12.986508829204139,47.8465714523281,926.5661651794657,507.2821350097656,24.405670166015625,-73.0216064453125,55.30205154418945,-44.57420349121094,17.025707244873047,-12.942889213562012,13.684354865333185,10.426900192597058,7.8662861784213725,-1.0,,
12.986441376145269,47.846585304146316,928.5074979682804,508.9597473144531,24.306249618530273,-71.36699676513672,57.5443115234375,-43.91532516479492,16.802732467651367,-14.0540132522583,13.649734343977684,10.540245474326127,8.172649191000417,-1.0,,
12.986373770399315,47.84660057768107,930.4537764228238,510.639892578125,24.119068145751953,-69.65554809570312,59.82953643798828,-43.23681640625,16.516685485839844,-15.184886932373047,13.616987855775703,10.665757030514282,8.520614032040363,-1.0,,
12.98629986290304,47.84661896009405,932.5741278444976,512.4671630859375,23.805932998657227,-67.72515869140625,62.37043762207031,-42.473731994628906,16.129549026489258,-16.44013214111328,13.59687209489637,10.818006215982097,8.898586455425114,-1.0,,
12.98623515069274,47.84663654711789,934.4171784697767,514.028564453125,23.43305015563965,-65.98873901367188,64.62914276123047,-41.786659240722656,15.72330379486084,-17.55385398864746,13.585656924279208,10.962781466950625,9.223280841962826,-1.0,,
12.986171764702814,47.8466552053272,936.2030514766817,515.5272216796875,22.973894119262695,-64.24884033203125,66.86998748779297,-41.095760345458984,15.2626371383667,-18.65701675415039,13.577629744457152,11.117370845982817,9.533460222740615,-1.0,,
12.98610654400852,47.84667596262301,938.0127510190363,517.0394287109375,22.39988136291504,-62.42115020751953,69.20233917236328,-40.365440368652344,14.72160816192627,-19.803714752197266,13.5719359280103,11.290452962192818,9.842819127044356,-1.0,,
12.986044757669188,47.84669714747352,939.6936245512472,518.4329833984375,21.75678825378418,-60.65839385986328,71.43386840820312,-39.65444564819336,14.143675804138184,-20.899564743041992,13.569170555170091,11.467840658900865,10.125304652058682,-1.0,,
12.985980495735172,47.846720843874266,941.3981157739665,520.1446533203125,20.98098373413086,-58.79508590698242,73.77500915527344,-38.89397430419922,13.472777366638184,-22.048147201538086,13.568486682479444,11.667730413829519,10.407543436489242,-1.0,,
12.985926301416379,47.84674218684272,942.7944943306549,521.54736328125,20.238372802734375,-57.20347595214844,75.76283264160156,-38.23505783081055,12.84891414642334,-23.022296905517578,13.570566475081712,11.847945808853952,10.635822018929408,-1.0,,
12.98587229825106,47.846764771189655,944.1411824211773,522.900634765625,19.41485595703125,-55.59974670410156,77.75460052490234,-37.56133270263672,12.17286205291748,-23.997482299804688,13.57439821120609,12.040476034951919,10.854442713883175,-1.0,,
12.985811380984911,47.846791918121546,945.597261950505,524.3646240234375,18.381845474243164,-53.77015686035156,80.01313781738281,-36.779258728027344,11.342789649963379,-25.102182388305664,13.58193276363426,12.274024962110396,11.090189254407106,-1.0,,
12.98574750372046,47.84682238454864,947.0408332952762,525.8167724609375,17.174856185913086,-51.82990264892578,82.39288330078125,-35.931880950927734,10.391870498657227,-26.264448165893555,13.593875349398026,12.537926396166762,11.324002851395921,-1.0,,
12.985694230070823,47.84684941591413,948.1708553051692,526.954345703125,16.066761016845703,-50.197689056396484,84.38490295410156,-35.20209884643555,9.532105445861816,-27.23487663269043,13.608590138191174,12.771555578047987,11.50804998254473,-1.0,,
12.985635536069804,47.846881050364445,949.3244050140765,528.1166381835938,14.733907699584961,-48.382286071777344,86.58726501464844,-34.37120819091797,8.511746406555176,-28.30495834350586,13.629043993434422,13.047333857297362,11.698728373603975,-1.0,,
12.985580441835252,47.846912594722056,950.309113331199,529.1099853515625,13.370691299438477,-46.6630973815918,88.66118621826172,-33.56321716308594,7.480098724365234,-29.308570861816406,13.654481325450842,13.322435947818903,11.864349361919384,-1.0,,
12.985530027217123,47.84694312506872,951.1159009057413,529.925048828125,12.02332878112793,-45.07663345336914,90.56472778320312,-32.7975959777832,6.469789981842041,-30.225048065185547,13.683602690750838,13.588392415041799,12.003026107732738,-1.0,,
12.985475374997025,47.846978164155544,951.8737667306036,530.6923217773438,10.449007987976074,-43.33942794799805,92.63546752929688,-31.935962677001953,5.298859119415283,-31.216026306152344,13.72172624537691,13.893010314287904,12.137525339094983,-1.0,,
